NPDES Permit Number,Outfall Number,Monitoring Location Code,Limit Set Designator,Parameter Code,Parameter Description,Monitoring Period Date,Limit Value,Limit Value Unit,DMR Value Type,Statistical Base,Limit Type Code,DMR Value,DMR Value Unit,Notes
NHG580013,001,1,A,00310,"BOD, 5-day, 20 deg. C",8/31/2022,213,lb/d,Q1,MO AVG,ENF,10.4,lb/d,NPDES Monitoring Period Data Download
NHG580013,001,1,A,00310,"BOD, 5-day, 20 deg. C",7/31/2022,213,lb/d,Q1,MO AVG,ENF,11.8,lb/d,"NHG580013: NEWMARKET, TOWN OF - WPCF, NEWMARKET, NH"
NHG580013,001,1,A,00310,"BOD, 5-day, 20 deg. C",9/30/2022,213,lb/d,Q1,MO AVG,ENF,12,lb/d,Monitoring Period = 1/01/2008 to 02/29/2024
NHG580013,001,1,A,00310,"BOD, 5-day, 20 deg. C",6/30/2022,213,lb/d,Q1,MO AVG,ENF,14.1,lb/d,
NHG580013,001,1,A,00310,"BOD, 5-day, 20 deg. C",11/30/2023,213,lb/d,Q1,MO AVG,ENF,14.5,lb/d,
NHG580013,001,1,A,00310,"BOD, 5-day, 20 deg. C",10/31/2022,213,lb/d,Q1,MO AVG,ENF,16.2,lb/d,
NHG580013,001,1,A,00310,"BOD, 5-day, 20 deg. C",8/31/2023,213,lb/d,Q1,MO AVG,ENF,16.8,lb/d,
NHG580013,001,1,A,00310,"BOD, 5-day, 20 deg. C",12/31/2023,213,lb/d,Q1,MO AVG,ENF,16.9,lb/d,
NHG580013,001,1,A,00310,"BOD, 5-day, 20 deg. C",2/28/2023,213,lb/d,Q1,MO AVG,ENF,18.4,lb/d,
NHG580013,001,1,A,00310,"BOD, 5-day, 20 deg. C",5/31/2022,213,lb/d,Q1,MO AVG,ENF,19.5,lb/d,
NHG580013,001,1,A,00310,"BOD, 5-day, 20 deg. C",11/30/2022,213,lb/d,Q1,MO AVG,ENF,20,lb/d,
NHG580013,001,1,A,00310,"BOD, 5-day, 20 deg. C",9/30/2023,213,lb/d,Q1,MO AVG,ENF,20.7,lb/d,
NHG580013,001,1,A,00310,"BOD, 5-day, 20 deg. C",10/31/2023,213,lb/d,Q1,MO AVG,ENF,22.5,lb/d,
NHG580013,001,1,A,00310,"BOD, 5-day, 20 deg. C",2/29/2024,213,lb/d,Q1,MO AVG,ENF,23,lb/d,
NHG580013,001,1,A,00310,"BOD, 5-day, 20 deg. C",7/31/2023,213,lb/d,Q1,MO AVG,ENF,23.2,lb/d,
NHG580013,001,1,A,00310,"BOD, 5-day, 20 deg. C",4/30/2023,213,lb/d,Q1,MO AVG,ENF,25.4,lb/d,
NHG580013,001,1,A,00310,"BOD, 5-day, 20 deg. C",3/31/2023,213,lb/d,Q1,MO AVG,ENF,27.3,lb/d,
NHG580013,001,1,A,00310,"BOD, 5-day, 20 deg. C",4/30/2022,213,lb/d,Q1,MO AVG,ENF,27.8,lb/d,
NHG580013,001,1,A,00310,"BOD, 5-day, 20 deg. C",6/30/2023,213,lb/d,Q1,MO AVG,ENF,28.7,lb/d,
NHG580013,001,1,A,00310,"BOD, 5-day, 20 deg. C",1/31/2024,213,lb/d,Q1,MO AVG,ENF,29.6,lb/d,
NHG580013,001,1,A,00310,"BOD, 5-day, 20 deg. C",12/31/2022,213,lb/d,Q1,MO AVG,ENF,30.1,lb/d,
NHG580013,001,1,A,00310,"BOD, 5-day, 20 deg. C",1/31/2023,213,lb/d,Q1,MO AVG,ENF,33.1,lb/d,
NHG580013,001,1,A,00310,"BOD, 5-day, 20 deg. C",5/31/2023,213,lb/d,Q1,MO AVG,ENF,34.8,lb/d,
NHG580013,001,1,A,00310,"BOD, 5-day, 20 deg. C",12/31/2023,30,mg/L,C1,MO AVG,ENF,3.1,mg/L,
NHG580013,001,1,A,00310,"BOD, 5-day, 20 deg. C",8/31/2022,30,mg/L,C1,MO AVG,ENF,3.7,mg/L,
NHG580013,001,1,A,00310,"BOD, 5-day, 20 deg. C",9/30/2022,30,mg/L,C1,MO AVG,ENF,3.9,mg/L,
NHG580013,001,1,A,00310,"BOD, 5-day, 20 deg. C",11/30/2023,30,mg/L,C1,MO AVG,ENF,3.9,mg/L,
NHG580013,001,1,A,00310,"BOD, 5-day, 20 deg. C",7/31/2022,30,mg/L,C1,MO AVG,ENF,4.3,mg/L,
NHG580013,001,1,A,00310,"BOD, 5-day, 20 deg. C",8/31/2023,30,mg/L,C1,MO AVG,ENF,4.4,mg/L,
NHG580013,001,1,A,00310,"BOD, 5-day, 20 deg. C",6/30/2022,30,mg/L,C1,MO AVG,ENF,4.5,mg/L,
NHG580013,001,1,A,00310,"BOD, 5-day, 20 deg. C",2/28/2023,30,mg/L,C1,MO AVG,ENF,4.7,mg/L,
NHG580013,001,1,A,00310,"BOD, 5-day, 20 deg. C",1/31/2024,30,mg/L,C1,MO AVG,ENF,4.7,mg/L,
NHG580013,001,1,A,00310,"BOD, 5-day, 20 deg. C",10/31/2022,30,mg/L,C1,MO AVG,ENF,5,mg/L,
NHG580013,001,1,A,00310,"BOD, 5-day, 20 deg. C",3/31/2023,30,mg/L,C1,MO AVG,ENF,5,mg/L,
NHG580013,001,1,A,00310,"BOD, 5-day, 20 deg. C",9/30/2023,30,mg/L,C1,MO AVG,ENF,5.1,mg/L,
NHG580013,001,1,A,00310,"BOD, 5-day, 20 deg. C",7/31/2023,30,mg/L,C1,MO AVG,ENF,5.4,mg/L,
NHG580013,001,1,A,00310,"BOD, 5-day, 20 deg. C",5/31/2022,30,mg/L,C1,MO AVG,ENF,5.5,mg/L,
NHG580013,001,1,A,00310,"BOD, 5-day, 20 deg. C",2/29/2024,30,mg/L,C1,MO AVG,ENF,5.5,mg/L,
NHG580013,001,1,A,00310,"BOD, 5-day, 20 deg. C",4/30/2022,30,mg/L,C1,MO AVG,ENF,5.8,mg/L,
NHG580013,001,1,A,00310,"BOD, 5-day, 20 deg. C",4/30/2023,30,mg/L,C1,MO AVG,ENF,6,mg/L,
NHG580013,001,1,A,00310,"BOD, 5-day, 20 deg. C",11/30/2022,30,mg/L,C1,MO AVG,ENF,6.2,mg/L,
NHG580013,001,1,A,00310,"BOD, 5-day, 20 deg. C",1/31/2023,30,mg/L,C1,MO AVG,ENF,6.2,mg/L,
NHG580013,001,1,A,00310,"BOD, 5-day, 20 deg. C",10/31/2023,30,mg/L,C1,MO AVG,ENF,6.3,mg/L,
NHG580013,001,1,A,00310,"BOD, 5-day, 20 deg. C",12/31/2022,30,mg/L,C1,MO AVG,ENF,6.5,mg/L,
NHG580013,001,1,A,00310,"BOD, 5-day, 20 deg. C",5/31/2023,30,mg/L,C1,MO AVG,ENF,7.5,mg/L,
NHG580013,001,1,A,00310,"BOD, 5-day, 20 deg. C",6/30/2023,30,mg/L,C1,MO AVG,ENF,8.3,mg/L,
NHG580013,001,1,A,00310,"BOD, 5-day, 20 deg. C",8/31/2022,354,lb/d,Q2,DAILY MX,ENF,14,lb/d,
NHG580013,001,1,A,00310,"BOD, 5-day, 20 deg. C",12/31/2023,354,lb/d,Q2,DAILY MX,ENF,14.8,lb/d,
NHG580013,001,1,A,00310,"BOD, 5-day, 20 deg. C",7/31/2022,354,lb/d,Q2,DAILY MX,ENF,17.2,lb/d,
NHG580013,001,1,A,00310,"BOD, 5-day, 20 deg. C",9/30/2022,354,lb/d,Q2,DAILY MX,ENF,18.3,lb/d,
NHG580013,001,1,A,00310,"BOD, 5-day, 20 deg. C",11/30/2023,354,lb/d,Q2,DAILY MX,ENF,20.4,lb/d,
NHG580013,001,1,A,00310,"BOD, 5-day, 20 deg. C",6/30/2022,354,lb/d,Q2,DAILY MX,ENF,21.2,lb/d,
NHG580013,001,1,A,00310,"BOD, 5-day, 20 deg. C",10/31/2022,354,lb/d,Q2,DAILY MX,ENF,22.6,lb/d,
NHG580013,001,1,A,00310,"BOD, 5-day, 20 deg. C",2/28/2023,354,lb/d,Q2,DAILY MX,ENF,23.9,lb/d,
NHG580013,001,1,A,00310,"BOD, 5-day, 20 deg. C",5/31/2022,354,lb/d,Q2,DAILY MX,ENF,24.4,lb/d,
NHG580013,001,1,A,00310,"BOD, 5-day, 20 deg. C",10/31/2023,354,lb/d,Q2,DAILY MX,ENF,29.1,lb/d,
NHG580013,001,1,A,00310,"BOD, 5-day, 20 deg. C",2/29/2024,354,lb/d,Q2,DAILY MX,ENF,30.9,lb/d,
NHG580013,001,1,A,00310,"BOD, 5-day, 20 deg. C",8/31/2023,354,lb/d,Q2,DAILY MX,ENF,33,lb/d,
NHG580013,001,1,A,00310,"BOD, 5-day, 20 deg. C",7/31/2023,354,lb/d,Q2,DAILY MX,ENF,34,lb/d,
NHG580013,001,1,A,00310,"BOD, 5-day, 20 deg. C",9/30/2023,354,lb/d,Q2,DAILY MX,ENF,36,lb/d,
NHG580013,001,1,A,00310,"BOD, 5-day, 20 deg. C",12/31/2022,354,lb/d,Q2,DAILY MX,ENF,37.6,lb/d,
NHG580013,001,1,A,00310,"BOD, 5-day, 20 deg. C",1/31/2023,354,lb/d,Q2,DAILY MX,ENF,40.2,lb/d,
NHG580013,001,1,A,00310,"BOD, 5-day, 20 deg. C",6/30/2023,354,lb/d,Q2,DAILY MX,ENF,41.4,lb/d,
NHG580013,001,1,A,00310,"BOD, 5-day, 20 deg. C",4/30/2023,354,lb/d,Q2,DAILY MX,ENF,41.5,lb/d,
NHG580013,001,1,A,00310,"BOD, 5-day, 20 deg. C",3/31/2023,354,lb/d,Q2,DAILY MX,ENF,42.4,lb/d,
NHG580013,001,1,A,00310,"BOD, 5-day, 20 deg. C",11/30/2022,354,lb/d,Q2,DAILY MX,ENF,44.5,lb/d,
NHG580013,001,1,A,00310,"BOD, 5-day, 20 deg. C",5/31/2023,354,lb/d,Q2,DAILY MX,ENF,46.9,lb/d,
NHG580013,001,1,A,00310,"BOD, 5-day, 20 deg. C",4/30/2022,354,lb/d,Q2,DAILY MX,ENF,65.8,lb/d,
NHG580013,001,1,A,00310,"BOD, 5-day, 20 deg. C",1/31/2024,354,lb/d,Q2,DAILY MX,ENF,74.2,lb/d,
NHG580013,001,1,A,00310,"BOD, 5-day, 20 deg. C",12/31/2023,45,mg/L,C2,WKLY AVG,ENF,3.1,mg/L,
NHG580013,001,1,A,00310,"BOD, 5-day, 20 deg. C",8/31/2023,45,mg/L,C2,WKLY AVG,ENF,4.1,mg/L,
NHG580013,001,1,A,00310,"BOD, 5-day, 20 deg. C",8/31/2022,45,mg/L,C2,WKLY AVG,ENF,4.8,mg/L,
NHG580013,001,1,A,00310,"BOD, 5-day, 20 deg. C",9/30/2022,45,mg/L,C2,WKLY AVG,ENF,4.8,mg/L,
NHG580013,001,1,A,00310,"BOD, 5-day, 20 deg. C",11/30/2023,45,mg/L,C2,WKLY AVG,ENF,4.9,mg/L,
NHG580013,001,1,A,00310,"BOD, 5-day, 20 deg. C",6/30/2022,45,mg/L,C2,WKLY AVG,ENF,5.4,mg/L,
NHG580013,001,1,A,00310,"BOD, 5-day, 20 deg. C",3/31/2023,45,mg/L,C2,WKLY AVG,ENF,5.6,mg/L,
NHG580013,001,1,A,00310,"BOD, 5-day, 20 deg. C",7/31/2022,45,mg/L,C2,WKLY AVG,ENF,5.8,mg/L,
NHG580013,001,1,A,00310,"BOD, 5-day, 20 deg. C",2/28/2023,45,mg/L,C2,WKLY AVG,ENF,5.8,mg/L,
NHG580013,001,1,A,00310,"BOD, 5-day, 20 deg. C",11/30/2022,45,mg/L,C2,WKLY AVG,ENF,6.2,mg/L,
NHG580013,001,1,A,00310,"BOD, 5-day, 20 deg. C",1/31/2024,45,mg/L,C2,WKLY AVG,ENF,6.4,mg/L,
NHG580013,001,1,A,00310,"BOD, 5-day, 20 deg. C",5/31/2022,45,mg/L,C2,WKLY AVG,ENF,6.5,mg/L,
NHG580013,001,1,A,00310,"BOD, 5-day, 20 deg. C",10/31/2022,45,mg/L,C2,WKLY AVG,ENF,7,mg/L,
NHG580013,001,1,A,00310,"BOD, 5-day, 20 deg. C",1/31/2023,45,mg/L,C2,WKLY AVG,ENF,7.4,mg/L,
NHG580013,001,1,A,00310,"BOD, 5-day, 20 deg. C",12/31/2022,45,mg/L,C2,WKLY AVG,ENF,7.6,mg/L,
NHG580013,001,1,A,00310,"BOD, 5-day, 20 deg. C",9/30/2023,45,mg/L,C2,WKLY AVG,ENF,7.7,mg/L,
NHG580013,001,1,A,00310,"BOD, 5-day, 20 deg. C",2/29/2024,45,mg/L,C2,WKLY AVG,ENF,7.9,mg/L,
NHG580013,001,1,A,00310,"BOD, 5-day, 20 deg. C",7/31/2023,45,mg/L,C2,WKLY AVG,ENF,8,mg/L,
NHG580013,001,1,A,00310,"BOD, 5-day, 20 deg. C",10/31/2023,45,mg/L,C2,WKLY AVG,ENF,8,mg/L,
NHG580013,001,1,A,00310,"BOD, 5-day, 20 deg. C",4/30/2023,45,mg/L,C2,WKLY AVG,ENF,8.1,mg/L,
NHG580013,001,1,A,00310,"BOD, 5-day, 20 deg. C",4/30/2022,45,mg/L,C2,WKLY AVG,ENF,8.2,mg/L,
NHG580013,001,1,A,00310,"BOD, 5-day, 20 deg. C",5/31/2023,45,mg/L,C2,WKLY AVG,ENF,9.3,mg/L,
NHG580013,001,1,A,00310,"BOD, 5-day, 20 deg. C",6/30/2023,45,mg/L,C2,WKLY AVG,ENF,9.9,mg/L,
NHG580013,001,1,A,00310,"BOD, 5-day, 20 deg. C",5/31/2023,50,mg/L,C3,DAILY MX,ENF,10,mg/L,
NHG580013,001,1,A,00310,"BOD, 5-day, 20 deg. C",4/30/2023,50,mg/L,C3,DAILY MX,ENF,10.2,mg/L,
NHG580013,001,1,A,00310,"BOD, 5-day, 20 deg. C",11/30/2022,50,mg/L,C3,DAILY MX,ENF,10.8,mg/L,
NHG580013,001,1,A,00310,"BOD, 5-day, 20 deg. C",6/30/2023,50,mg/L,C3,DAILY MX,ENF,11.5,mg/L,
NHG580013,001,1,A,00310,"BOD, 5-day, 20 deg. C",12/31/2023,50,mg/L,C3,DAILY MX,ENF,3.2,mg/L,
NHG580013,001,1,A,00310,"BOD, 5-day, 20 deg. C",8/31/2022,50,mg/L,C3,DAILY MX,ENF,4.9,mg/L,
NHG580013,001,1,A,00310,"BOD, 5-day, 20 deg. C",7/31/2022,50,mg/L,C3,DAILY MX,ENF,5.9,mg/L,
NHG580013,001,1,A,00310,"BOD, 5-day, 20 deg. C",11/30/2023,50,mg/L,C3,DAILY MX,ENF,6,mg/L,
NHG580013,001,1,A,00310,"BOD, 5-day, 20 deg. C",9/30/2022,50,mg/L,C3,DAILY MX,ENF,6.1,mg/L,
NHG580013,001,1,A,00310,"BOD, 5-day, 20 deg. C",3/31/2023,50,mg/L,C3,DAILY MX,ENF,6.1,mg/L,
NHG580013,001,1,A,00310,"BOD, 5-day, 20 deg. C",2/28/2023,50,mg/L,C3,DAILY MX,ENF,6.2,mg/L,
NHG580013,001,1,A,00310,"BOD, 5-day, 20 deg. C",5/31/2022,50,mg/L,C3,DAILY MX,ENF,6.6,mg/L,
NHG580013,001,1,A,00310,"BOD, 5-day, 20 deg. C",6/30/2022,50,mg/L,C3,DAILY MX,ENF,6.6,mg/L,
NHG580013,001,1,A,00310,"BOD, 5-day, 20 deg. C",7/31/2023,50,mg/L,C3,DAILY MX,ENF,7,mg/L,
NHG580013,001,1,A,00310,"BOD, 5-day, 20 deg. C",10/31/2022,50,mg/L,C3,DAILY MX,ENF,7.3,mg/L,
NHG580013,001,1,A,00310,"BOD, 5-day, 20 deg. C",1/31/2024,50,mg/L,C3,DAILY MX,ENF,7.6,mg/L,
NHG580013,001,1,A,00310,"BOD, 5-day, 20 deg. C",8/31/2023,50,mg/L,C3,DAILY MX,ENF,7.7,mg/L,
NHG580013,001,1,A,00310,"BOD, 5-day, 20 deg. C",4/30/2022,50,mg/L,C3,DAILY MX,ENF,7.8,mg/L,
NHG580013,001,1,A,00310,"BOD, 5-day, 20 deg. C",12/31/2022,50,mg/L,C3,DAILY MX,ENF,7.9,mg/L,
NHG580013,001,1,A,00310,"BOD, 5-day, 20 deg. C",2/29/2024,50,mg/L,C3,DAILY MX,ENF,8.1,mg/L,
NHG580013,001,1,A,00310,"BOD, 5-day, 20 deg. C",10/31/2023,50,mg/L,C3,DAILY MX,ENF,8.3,mg/L,
NHG580013,001,1,A,00310,"BOD, 5-day, 20 deg. C",1/31/2023,50,mg/L,C3,DAILY MX,ENF,8.5,mg/L,
NHG580013,001,1,A,00310,"BOD, 5-day, 20 deg. C",9/30/2023,50,mg/L,C3,DAILY MX,ENF,9.2,mg/L,
NHG580013,001,1,A,00400,pH,5/31/2022,6.5,SU,C1,MINIMUM,ENF,6.9,SU,
NHG580013,001,1,A,00400,pH,8/31/2022,6.5,SU,C1,MINIMUM,ENF,6.9,SU,
NHG580013,001,1,A,00400,pH,11/30/2022,6.5,SU,C1,MINIMUM,ENF,6.9,SU,
NHG580013,001,1,A,00400,pH,12/31/2022,6.5,SU,C1,MINIMUM,ENF,6.9,SU,
NHG580013,001,1,A,00400,pH,1/31/2023,6.5,SU,C1,MINIMUM,ENF,6.9,SU,
NHG580013,001,1,A,00400,pH,2/28/2023,6.5,SU,C1,MINIMUM,ENF,6.9,SU,
NHG580013,001,1,A,00400,pH,7/31/2023,6.5,SU,C1,MINIMUM,ENF,6.9,SU,
NHG580013,001,1,A,00400,pH,8/31/2023,6.5,SU,C1,MINIMUM,ENF,6.9,SU,
NHG580013,001,1,A,00400,pH,1/31/2024,6.5,SU,C1,MINIMUM,ENF,6.9,SU,
NHG580013,001,1,A,00400,pH,4/30/2022,6.5,SU,C1,MINIMUM,ENF,7,SU,
NHG580013,001,1,A,00400,pH,10/31/2022,6.5,SU,C1,MINIMUM,ENF,7,SU,
NHG580013,001,1,A,00400,pH,3/31/2023,6.5,SU,C1,MINIMUM,ENF,7,SU,
NHG580013,001,1,A,00400,pH,4/30/2023,6.5,SU,C1,MINIMUM,ENF,7,SU,
NHG580013,001,1,A,00400,pH,5/31/2023,6.5,SU,C1,MINIMUM,ENF,7,SU,
NHG580013,001,1,A,00400,pH,12/31/2023,6.5,SU,C1,MINIMUM,ENF,7,SU,
NHG580013,001,1,A,00400,pH,6/30/2022,6.5,SU,C1,MINIMUM,ENF,7.1,SU,
NHG580013,001,1,A,00400,pH,10/31/2023,6.5,SU,C1,MINIMUM,ENF,7.1,SU,
NHG580013,001,1,A,00400,pH,2/29/2024,6.5,SU,C1,MINIMUM,ENF,7.1,SU,
NHG580013,001,1,A,00400,pH,7/31/2022,6.5,SU,C1,MINIMUM,ENF,7.2,SU,
NHG580013,001,1,A,00400,pH,9/30/2022,6.5,SU,C1,MINIMUM,ENF,7.2,SU,
NHG580013,001,1,A,00400,pH,6/30/2023,6.5,SU,C1,MINIMUM,ENF,7.2,SU,
NHG580013,001,1,A,00400,pH,9/30/2023,6.5,SU,C1,MINIMUM,ENF,7.2,SU,
NHG580013,001,1,A,00400,pH,11/30/2023,6.5,SU,C1,MINIMUM,ENF,7.3,SU,
NHG580013,001,1,A,00400,pH,5/31/2022,8,SU,C3,MAXIMUM,ENF,7.3,SU,
NHG580013,001,1,A,00400,pH,1/31/2023,8,SU,C3,MAXIMUM,ENF,7.3,SU,
NHG580013,001,1,A,00400,pH,2/28/2023,8,SU,C3,MAXIMUM,ENF,7.3,SU,
NHG580013,001,1,A,00400,pH,3/31/2023,8,SU,C3,MAXIMUM,ENF,7.3,SU,
NHG580013,001,1,A,00400,pH,4/30/2023,8,SU,C3,MAXIMUM,ENF,7.3,SU,
NHG580013,001,1,A,00400,pH,4/30/2022,8,SU,C3,MAXIMUM,ENF,7.4,SU,
NHG580013,001,1,A,00400,pH,6/30/2022,8,SU,C3,MAXIMUM,ENF,7.4,SU,
NHG580013,001,1,A,00400,pH,7/31/2022,8,SU,C3,MAXIMUM,ENF,7.4,SU,
NHG580013,001,1,A,00400,pH,8/31/2022,8,SU,C3,MAXIMUM,ENF,7.4,SU,
NHG580013,001,1,A,00400,pH,9/30/2022,8,SU,C3,MAXIMUM,ENF,7.4,SU,
NHG580013,001,1,A,00400,pH,10/31/2022,8,SU,C3,MAXIMUM,ENF,7.4,SU,
NHG580013,001,1,A,00400,pH,5/31/2023,8,SU,C3,MAXIMUM,ENF,7.4,SU,
NHG580013,001,1,A,00400,pH,7/31/2023,8,SU,C3,MAXIMUM,ENF,7.4,SU,
NHG580013,001,1,A,00400,pH,12/31/2023,8,SU,C3,MAXIMUM,ENF,7.4,SU,
NHG580013,001,1,A,00400,pH,1/31/2024,8,SU,C3,MAXIMUM,ENF,7.4,SU,
NHG580013,001,1,A,00400,pH,2/29/2024,8,SU,C3,MAXIMUM,ENF,7.4,SU,
NHG580013,001,1,A,00400,pH,6/30/2023,8,SU,C3,MAXIMUM,ENF,7.41,SU,
NHG580013,001,1,A,00400,pH,11/30/2022,8,SU,C3,MAXIMUM,ENF,7.5,SU,
NHG580013,001,1,A,00400,pH,12/31/2022,8,SU,C3,MAXIMUM,ENF,7.5,SU,
NHG580013,001,1,A,00400,pH,8/31/2023,8,SU,C3,MAXIMUM,ENF,7.5,SU,
NHG580013,001,1,A,00400,pH,9/30/2023,8,SU,C3,MAXIMUM,ENF,7.5,SU,
NHG580013,001,1,A,00400,pH,10/31/2023,8,SU,C3,MAXIMUM,ENF,7.5,SU,
NHG580013,001,1,A,00400,pH,11/30/2023,8,SU,C3,MAXIMUM,ENF,7.5,SU,
NHG580013,001,1,A,00530,"Solids, total suspended",10/31/2022,213,lb/d,Q1,MO AVG,ENF,10.5,lb/d,
NHG580013,001,1,A,00530,"Solids, total suspended",8/31/2023,213,lb/d,Q1,MO AVG,ENF,10.5,lb/d,
NHG580013,001,1,A,00530,"Solids, total suspended",2/28/2023,213,lb/d,Q1,MO AVG,ENF,11.2,lb/d,
NHG580013,001,1,A,00530,"Solids, total suspended",9/30/2023,213,lb/d,Q1,MO AVG,ENF,11.3,lb/d,
NHG580013,001,1,A,00530,"Solids, total suspended",10/31/2023,213,lb/d,Q1,MO AVG,ENF,11.4,lb/d,
NHG580013,001,1,A,00530,"Solids, total suspended",7/31/2023,213,lb/d,Q1,MO AVG,ENF,12.5,lb/d,
NHG580013,001,1,A,00530,"Solids, total suspended",4/30/2022,213,lb/d,Q1,MO AVG,ENF,13.5,lb/d,
NHG580013,001,1,A,00530,"Solids, total suspended",11/30/2022,213,lb/d,Q1,MO AVG,ENF,13.5,lb/d,
NHG580013,001,1,A,00530,"Solids, total suspended",4/30/2023,213,lb/d,Q1,MO AVG,ENF,16.1,lb/d,
NHG580013,001,1,A,00530,"Solids, total suspended",12/31/2022,213,lb/d,Q1,MO AVG,ENF,17.8,lb/d,
NHG580013,001,1,A,00530,"Solids, total suspended",12/31/2023,213,lb/d,Q1,MO AVG,ENF,19.6,lb/d,
NHG580013,001,1,A,00530,"Solids, total suspended",6/30/2023,213,lb/d,Q1,MO AVG,ENF,21,lb/d,
NHG580013,001,1,A,00530,"Solids, total suspended",5/31/2023,213,lb/d,Q1,MO AVG,ENF,22.7,lb/d,
NHG580013,001,1,A,00530,"Solids, total suspended",3/31/2023,213,lb/d,Q1,MO AVG,ENF,24,lb/d,
NHG580013,001,1,A,00530,"Solids, total suspended",1/31/2023,213,lb/d,Q1,MO AVG,ENF,25.5,lb/d,
NHG580013,001,1,A,00530,"Solids, total suspended",2/29/2024,213,lb/d,Q1,MO AVG,ENF,27.3,lb/d,
NHG580013,001,1,A,00530,"Solids, total suspended",1/31/2024,213,lb/d,Q1,MO AVG,ENF,32.8,lb/d,
NHG580013,001,1,A,00530,"Solids, total suspended",7/31/2022,213,lb/d,Q1,MO AVG,ENF,5.2,lb/d,
NHG580013,001,1,A,00530,"Solids, total suspended",6/30/2022,213,lb/d,Q1,MO AVG,ENF,6.1,lb/d,
NHG580013,001,1,A,00530,"Solids, total suspended",11/30/2023,213,lb/d,Q1,MO AVG,ENF,7,lb/d,
NHG580013,001,1,A,00530,"Solids, total suspended",8/31/2022,213,lb/d,Q1,MO AVG,ENF,7.3,lb/d,
NHG580013,001,1,A,00530,"Solids, total suspended",5/31/2022,213,lb/d,Q1,MO AVG,ENF,7.4,lb/d,
NHG580013,001,1,A,00530,"Solids, total suspended",9/30/2022,213,lb/d,Q1,MO AVG,ENF,8.4,lb/d,
NHG580013,001,1,A,00530,"Solids, total suspended",6/30/2022,30,mg/L,C1,MO AVG,ENF,1.9,mg/L,
NHG580013,001,1,A,00530,"Solids, total suspended",7/31/2022,30,mg/L,C1,MO AVG,ENF,1.9,mg/L,
NHG580013,001,1,A,00530,"Solids, total suspended",11/30/2023,30,mg/L,C1,MO AVG,ENF,1.9,mg/L,
NHG580013,001,1,A,00530,"Solids, total suspended",5/31/2022,30,mg/L,C1,MO AVG,ENF,2.1,mg/L,
NHG580013,001,1,A,00530,"Solids, total suspended",8/31/2022,30,mg/L,C1,MO AVG,ENF,2.6,mg/L,
NHG580013,001,1,A,00530,"Solids, total suspended",9/30/2022,30,mg/L,C1,MO AVG,ENF,2.7,mg/L,
NHG580013,001,1,A,00530,"Solids, total suspended",4/30/2022,30,mg/L,C1,MO AVG,ENF,2.8,mg/L,
NHG580013,001,1,A,00530,"Solids, total suspended",8/31/2023,30,mg/L,C1,MO AVG,ENF,2.8,mg/L,
NHG580013,001,1,A,00530,"Solids, total suspended",9/30/2023,30,mg/L,C1,MO AVG,ENF,2.8,mg/L,
NHG580013,001,1,A,00530,"Solids, total suspended",12/31/2023,30,mg/L,C1,MO AVG,ENF,2.8,mg/L,
NHG580013,001,1,A,00530,"Solids, total suspended",2/28/2023,30,mg/L,C1,MO AVG,ENF,2.9,mg/L,
NHG580013,001,1,A,00530,"Solids, total suspended",7/31/2023,30,mg/L,C1,MO AVG,ENF,2.9,mg/L,
NHG580013,001,1,A,00530,"Solids, total suspended",10/31/2023,30,mg/L,C1,MO AVG,ENF,3.2,mg/L,
NHG580013,001,1,A,00530,"Solids, total suspended",10/31/2022,30,mg/L,C1,MO AVG,ENF,3.3,mg/L,
NHG580013,001,1,A,00530,"Solids, total suspended",4/30/2023,30,mg/L,C1,MO AVG,ENF,3.8,mg/L,
NHG580013,001,1,A,00530,"Solids, total suspended",12/31/2022,30,mg/L,C1,MO AVG,ENF,3.9,mg/L,
NHG580013,001,1,A,00530,"Solids, total suspended",11/30/2022,30,mg/L,C1,MO AVG,ENF,4.2,mg/L,
NHG580013,001,1,A,00530,"Solids, total suspended",3/31/2023,30,mg/L,C1,MO AVG,ENF,4.4,mg/L,
NHG580013,001,1,A,00530,"Solids, total suspended",1/31/2023,30,mg/L,C1,MO AVG,ENF,4.8,mg/L,
NHG580013,001,1,A,00530,"Solids, total suspended",5/31/2023,30,mg/L,C1,MO AVG,ENF,4.9,mg/L,
NHG580013,001,1,A,00530,"Solids, total suspended",1/31/2024,30,mg/L,C1,MO AVG,ENF,5.2,mg/L,
NHG580013,001,1,A,00530,"Solids, total suspended",6/30/2023,30,mg/L,C1,MO AVG,ENF,6.1,mg/L,
NHG580013,001,1,A,00530,"Solids, total suspended",2/29/2024,30,mg/L,C1,MO AVG,ENF,6.5,mg/L,
NHG580013,001,1,A,00530,"Solids, total suspended",9/30/2022,354,lb/d,Q2,DAILY MX,ENF,12.8,lb/d,
NHG580013,001,1,A,00530,"Solids, total suspended",5/31/2022,354,lb/d,Q2,DAILY MX,ENF,14.8,lb/d,
NHG580013,001,1,A,00530,"Solids, total suspended",2/28/2023,354,lb/d,Q2,DAILY MX,ENF,15,lb/d,
NHG580013,001,1,A,00530,"Solids, total suspended",10/31/2022,354,lb/d,Q2,DAILY MX,ENF,17.8,lb/d,
NHG580013,001,1,A,00530,"Solids, total suspended",10/31/2023,354,lb/d,Q2,DAILY MX,ENF,19.5,lb/d,
NHG580013,001,1,A,00530,"Solids, total suspended",7/31/2023,354,lb/d,Q2,DAILY MX,ENF,20.8,lb/d,
NHG580013,001,1,A,00530,"Solids, total suspended",8/31/2023,354,lb/d,Q2,DAILY MX,ENF,20.8,lb/d,
NHG580013,001,1,A,00530,"Solids, total suspended",12/31/2023,354,lb/d,Q2,DAILY MX,ENF,24.2,lb/d,
NHG580013,001,1,A,00530,"Solids, total suspended",11/30/2022,354,lb/d,Q2,DAILY MX,ENF,25.3,lb/d,
NHG580013,001,1,A,00530,"Solids, total suspended",12/31/2022,354,lb/d,Q2,DAILY MX,ENF,28.1,lb/d,
NHG580013,001,1,A,00530,"Solids, total suspended",2/29/2024,354,lb/d,Q2,DAILY MX,ENF,29,lb/d,
NHG580013,001,1,A,00530,"Solids, total suspended",9/30/2023,354,lb/d,Q2,DAILY MX,ENF,32.2,lb/d,
NHG580013,001,1,A,00530,"Solids, total suspended",6/30/2023,354,lb/d,Q2,DAILY MX,ENF,32.7,lb/d,
NHG580013,001,1,A,00530,"Solids, total suspended",4/30/2023,354,lb/d,Q2,DAILY MX,ENF,33,lb/d,
NHG580013,001,1,A,00530,"Solids, total suspended",1/31/2023,354,lb/d,Q2,DAILY MX,ENF,37.8,lb/d,
NHG580013,001,1,A,00530,"Solids, total suspended",4/30/2022,354,lb/d,Q2,DAILY MX,ENF,39.7,lb/d,
NHG580013,001,1,A,00530,"Solids, total suspended",3/31/2023,354,lb/d,Q2,DAILY MX,ENF,40.7,lb/d,
NHG580013,001,1,A,00530,"Solids, total suspended",5/31/2023,354,lb/d,Q2,DAILY MX,ENF,50.5,lb/d,
NHG580013,001,1,A,00530,"Solids, total suspended",1/31/2024,354,lb/d,Q2,DAILY MX,ENF,87,lb/d,
NHG580013,001,1,A,00530,"Solids, total suspended",11/30/2023,354,lb/d,Q2,DAILY MX,ENF,9.2,lb/d,
NHG580013,001,1,A,00530,"Solids, total suspended",6/30/2022,354,lb/d,Q2,DAILY MX,ENF,9.3,lb/d,
NHG580013,001,1,A,00530,"Solids, total suspended",7/31/2022,354,lb/d,Q2,DAILY MX,ENF,9.5,lb/d,
NHG580013,001,1,A,00530,"Solids, total suspended",8/31/2022,354,lb/d,Q2,DAILY MX,ENF,9.5,lb/d,
NHG580013,001,1,A,00530,"Solids, total suspended",11/30/2023,45,mg/L,C2,WKLY AVG,ENF,2.2,mg/L,
NHG580013,001,1,A,00530,"Solids, total suspended",7/31/2022,45,mg/L,C2,WKLY AVG,ENF,2.6,mg/L,
NHG580013,001,1,A,00530,"Solids, total suspended",9/30/2022,45,mg/L,C2,WKLY AVG,ENF,2.6,mg/L,
NHG580013,001,1,A,00530,"Solids, total suspended",6/30/2022,45,mg/L,C2,WKLY AVG,ENF,2.7,mg/L,
NHG580013,001,1,A,00530,"Solids, total suspended",8/31/2023,45,mg/L,C2,WKLY AVG,ENF,2.8,mg/L,
NHG580013,001,1,A,00530,"Solids, total suspended",8/31/2022,45,mg/L,C2,WKLY AVG,ENF,3.2,mg/L,
NHG580013,001,1,A,00530,"Solids, total suspended",12/31/2023,45,mg/L,C2,WKLY AVG,ENF,3.5,mg/L,
NHG580013,001,1,A,00530,"Solids, total suspended",5/31/2022,45,mg/L,C2,WKLY AVG,ENF,3.6,mg/L,
NHG580013,001,1,A,00530,"Solids, total suspended",9/30/2023,45,mg/L,C2,WKLY AVG,ENF,3.6,mg/L,
NHG580013,001,1,A,00530,"Solids, total suspended",4/30/2022,45,mg/L,C2,WKLY AVG,ENF,4.1,mg/L,
NHG580013,001,1,A,00530,"Solids, total suspended",12/31/2022,45,mg/L,C2,WKLY AVG,ENF,4.4,mg/L,
NHG580013,001,1,A,00530,"Solids, total suspended",3/31/2023,45,mg/L,C2,WKLY AVG,ENF,4.4,mg/L,
NHG580013,001,1,A,00530,"Solids, total suspended",10/31/2023,45,mg/L,C2,WKLY AVG,ENF,4.6,mg/L,
NHG580013,001,1,A,00530,"Solids, total suspended",10/31/2022,45,mg/L,C2,WKLY AVG,ENF,4.7,mg/L,
NHG580013,001,1,A,00530,"Solids, total suspended",11/30/2022,45,mg/L,C2,WKLY AVG,ENF,4.8,mg/L,
NHG580013,001,1,A,00530,"Solids, total suspended",2/28/2023,45,mg/L,C2,WKLY AVG,ENF,5,mg/L,
NHG580013,001,1,A,00530,"Solids, total suspended",4/30/2023,45,mg/L,C2,WKLY AVG,ENF,5.6,mg/L,
NHG580013,001,1,A,00530,"Solids, total suspended",5/31/2023,45,mg/L,C2,WKLY AVG,ENF,5.9,mg/L,
NHG580013,001,1,A,00530,"Solids, total suspended",1/31/2024,45,mg/L,C2,WKLY AVG,ENF,6.2,mg/L,
NHG580013,001,1,A,00530,"Solids, total suspended",6/30/2023,45,mg/L,C2,WKLY AVG,ENF,6.4,mg/L,
NHG580013,001,1,A,00530,"Solids, total suspended",7/31/2023,45,mg/L,C2,WKLY AVG,ENF,6.6,mg/L,
NHG580013,001,1,A,00530,"Solids, total suspended",1/31/2023,45,mg/L,C2,WKLY AVG,ENF,6.7,mg/L,
NHG580013,001,1,A,00530,"Solids, total suspended",2/29/2024,45,mg/L,C2,WKLY AVG,ENF,7.2,mg/L,
NHG580013,001,1,A,00530,"Solids, total suspended",11/30/2023,50,mg/L,C3,DAILY MX,ENF,2.4,mg/L,
NHG580013,001,1,A,00530,"Solids, total suspended",7/31/2022,50,mg/L,C3,DAILY MX,ENF,3.1,mg/L,
NHG580013,001,1,A,00530,"Solids, total suspended",6/30/2022,50,mg/L,C3,DAILY MX,ENF,3.2,mg/L,
NHG580013,001,1,A,00530,"Solids, total suspended",8/31/2022,50,mg/L,C3,DAILY MX,ENF,3.5,mg/L,
NHG580013,001,1,A,00530,"Solids, total suspended",9/30/2023,50,mg/L,C3,DAILY MX,ENF,3.9,mg/L,
NHG580013,001,1,A,00530,"Solids, total suspended",5/31/2022,50,mg/L,C3,DAILY MX,ENF,4,mg/L,
NHG580013,001,1,A,00530,"Solids, total suspended",9/30/2022,50,mg/L,C3,DAILY MX,ENF,4,mg/L,
NHG580013,001,1,A,00530,"Solids, total suspended",7/31/2023,50,mg/L,C3,DAILY MX,ENF,4,mg/L,
NHG580013,001,1,A,00530,"Solids, total suspended",2/28/2023,50,mg/L,C3,DAILY MX,ENF,4.2,mg/L,
NHG580013,001,1,A,00530,"Solids, total suspended",8/31/2023,50,mg/L,C3,DAILY MX,ENF,4.2,mg/L,
NHG580013,001,1,A,00530,"Solids, total suspended",12/31/2023,50,mg/L,C3,DAILY MX,ENF,4.2,mg/L,
NHG580013,001,1,A,00530,"Solids, total suspended",4/30/2022,50,mg/L,C3,DAILY MX,ENF,4.7,mg/L,
NHG580013,001,1,A,00530,"Solids, total suspended",10/31/2022,50,mg/L,C3,DAILY MX,ENF,5.1,mg/L,
NHG580013,001,1,A,00530,"Solids, total suspended",10/31/2023,50,mg/L,C3,DAILY MX,ENF,5.1,mg/L,
NHG580013,001,1,A,00530,"Solids, total suspended",12/31/2022,50,mg/L,C3,DAILY MX,ENF,5.6,mg/L,
NHG580013,001,1,A,00530,"Solids, total suspended",5/31/2023,50,mg/L,C3,DAILY MX,ENF,6.4,mg/L,
NHG580013,001,1,A,00530,"Solids, total suspended",1/31/2024,50,mg/L,C3,DAILY MX,ENF,6.5,mg/L,
NHG580013,001,1,A,00530,"Solids, total suspended",11/30/2022,50,mg/L,C3,DAILY MX,ENF,7.1,mg/L,
NHG580013,001,1,A,00530,"Solids, total suspended",1/31/2023,50,mg/L,C3,DAILY MX,ENF,7.2,mg/L,
NHG580013,001,1,A,00530,"Solids, total suspended",2/29/2024,50,mg/L,C3,DAILY MX,ENF,7.4,mg/L,
NHG580013,001,1,A,00530,"Solids, total suspended",6/30/2023,50,mg/L,C3,DAILY MX,ENF,7.7,mg/L,
NHG580013,001,1,A,00530,"Solids, total suspended",3/31/2023,50,mg/L,C3,DAILY MX,ENF,7.8,mg/L,
NHG580013,001,1,A,00530,"Solids, total suspended",4/30/2023,50,mg/L,C3,DAILY MX,ENF,8.1,mg/L,
NHG580013,001,1,A,30500,"Coliform, fecal - % sample exceeds limit",4/30/2022,10,%,C1,MAXIMUM,ENF,0,%,
NHG580013,001,1,A,30500,"Coliform, fecal - % sample exceeds limit",5/31/2022,10,%,C1,MAXIMUM,ENF,0,%,
NHG580013,001,1,A,30500,"Coliform, fecal - % sample exceeds limit",6/30/2022,10,%,C1,MAXIMUM,ENF,0,%,
NHG580013,001,1,A,30500,"Coliform, fecal - % sample exceeds limit",9/30/2022,10,%,C1,MAXIMUM,ENF,0,%,
NHG580013,001,1,A,30500,"Coliform, fecal - % sample exceeds limit",10/31/2022,10,%,C1,MAXIMUM,ENF,0,%,
NHG580013,001,1,A,30500,"Coliform, fecal - % sample exceeds limit",12/31/2022,10,%,C1,MAXIMUM,ENF,0,%,
NHG580013,001,1,A,30500,"Coliform, fecal - % sample exceeds limit",1/31/2023,10,%,C1,MAXIMUM,ENF,0,%,
NHG580013,001,1,A,30500,"Coliform, fecal - % sample exceeds limit",2/28/2023,10,%,C1,MAXIMUM,ENF,0,%,
NHG580013,001,1,A,30500,"Coliform, fecal - % sample exceeds limit",3/31/2023,10,%,C1,MAXIMUM,ENF,0,%,
NHG580013,001,1,A,30500,"Coliform, fecal - % sample exceeds limit",4/30/2023,10,%,C1,MAXIMUM,ENF,0,%,
NHG580013,001,1,A,30500,"Coliform, fecal - % sample exceeds limit",10/31/2023,10,%,C1,MAXIMUM,ENF,0,%,
NHG580013,001,1,A,30500,"Coliform, fecal - % sample exceeds limit",11/30/2023,10,%,C1,MAXIMUM,ENF,0,%,
NHG580013,001,1,A,30500,"Coliform, fecal - % sample exceeds limit",12/31/2023,10,%,C1,MAXIMUM,ENF,0,%,
NHG580013,001,1,A,30500,"Coliform, fecal - % sample exceeds limit",2/29/2024,10,%,C1,MAXIMUM,ENF,0,%,
NHG580013,001,1,A,30500,"Coliform, fecal - % sample exceeds limit",6/30/2023,10,%,C1,MAXIMUM,ENF,3.3,%,
NHG580013,001,1,A,30500,"Coliform, fecal - % sample exceeds limit",1/31/2024,10,%,C1,MAXIMUM,ENF,6.5,%,
NHG580013,001,1,A,30500,"Coliform, fecal - % sample exceeds limit",9/30/2023,10,%,C1,MAXIMUM,ENF,6.7,%,
NHG580013,001,1,A,30500,"Coliform, fecal - % sample exceeds limit",8/31/2022,10,%,C1,MAXIMUM,ENF,7.2,%,
NHG580013,001,1,A,30500,"Coliform, fecal - % sample exceeds limit",5/31/2023,10,%,C1,MAXIMUM,ENF,7.2,%,
NHG580013,001,1,A,30500,"Coliform, fecal - % sample exceeds limit",11/30/2022,10,%,C1,MAXIMUM,ENF,7.7,%,
NHG580013,001,1,A,30500,"Coliform, fecal - % sample exceeds limit",7/31/2022,10,%,C1,MAXIMUM,ENF,8,%,
NHG580013,001,1,A,30500,"Coliform, fecal - % sample exceeds limit",7/31/2023,10,%,C1,MAXIMUM,ENF,9.7,%,
NHG580013,001,1,A,30500,"Coliform, fecal - % sample exceeds limit",8/31/2023,10,%,C1,MAXIMUM,ENF,9.7,%,
NHG580013,001,1,A,50050,"Flow, in conduit or thru treatment plant",7/31/2022,Mon,MGD,Q1,MO AVG,ENF,0.3339,MGD,
NHG580013,001,1,A,50050,"Flow, in conduit or thru treatment plant",8/31/2022,Mon,MGD,Q1,MO AVG,ENF,0.3371,MGD,
NHG580013,001,1,A,50050,"Flow, in conduit or thru treatment plant",9/30/2022,Mon,MGD,Q1,MO AVG,ENF,0.3655,MGD,
NHG580013,001,1,A,50050,"Flow, in conduit or thru treatment plant",6/30/2022,Mon,MGD,Q1,MO AVG,ENF,0.3775,MGD,
NHG580013,001,1,A,50050,"Flow, in conduit or thru treatment plant",11/30/2022,Mon,MGD,Q1,MO AVG,ENF,0.3858,MGD,
NHG580013,001,1,A,50050,"Flow, in conduit or thru treatment plant",10/31/2022,Mon,MGD,Q1,MO AVG,ENF,0.3878,MGD,
NHG580013,001,1,A,50050,"Flow, in conduit or thru treatment plant",6/30/2023,Mon,MGD,Q1,MO AVG,ENF,0.4163,MGD,
NHG580013,001,1,A,50050,"Flow, in conduit or thru treatment plant",5/31/2022,Mon,MGD,Q1,MO AVG,ENF,0.4265,MGD,
NHG580013,001,1,A,50050,"Flow, in conduit or thru treatment plant",10/31/2023,Mon,MGD,Q1,MO AVG,ENF,0.4306,MGD,
NHG580013,001,1,A,50050,"Flow, in conduit or thru treatment plant",11/30/2023,Mon,MGD,Q1,MO AVG,ENF,0.4445,MGD,
NHG580013,001,1,A,50050,"Flow, in conduit or thru treatment plant",8/31/2023,Mon,MGD,Q1,MO AVG,ENF,0.4586,MGD,
NHG580013,001,1,A,50050,"Flow, in conduit or thru treatment plant",2/28/2023,Mon,MGD,Q1,MO AVG,ENF,0.4708,MGD,
NHG580013,001,1,A,50050,"Flow, in conduit or thru treatment plant",9/30/2023,Mon,MGD,Q1,MO AVG,ENF,0.4879,MGD,
NHG580013,001,1,A,50050,"Flow, in conduit or thru treatment plant",2/29/2024,Mon,MGD,Q1,MO AVG,ENF,0.501,MGD,
NHG580013,001,1,A,50050,"Flow, in conduit or thru treatment plant",4/30/2023,Mon,MGD,Q1,MO AVG,ENF,0.5049,MGD,
NHG580013,001,1,A,50050,"Flow, in conduit or thru treatment plant",7/31/2023,Mon,MGD,Q1,MO AVG,ENF,0.516,MGD,
NHG580013,001,1,A,50050,"Flow, in conduit or thru treatment plant",12/31/2022,Mon,MGD,Q1,MO AVG,ENF,0.5535,MGD,
NHG580013,001,1,A,50050,"Flow, in conduit or thru treatment plant",5/31/2023,Mon,MGD,Q1,MO AVG,ENF,0.5542,MGD,
NHG580013,001,1,A,50050,"Flow, in conduit or thru treatment plant",4/30/2022,Mon,MGD,Q1,MO AVG,ENF,0.5716,MGD,
NHG580013,001,1,A,50050,"Flow, in conduit or thru treatment plant",1/31/2023,Mon,MGD,Q1,MO AVG,ENF,0.6364,MGD,
NHG580013,001,1,A,50050,"Flow, in conduit or thru treatment plant",3/31/2023,Mon,MGD,Q1,MO AVG,ENF,0.6506,MGD,
NHG580013,001,1,A,50050,"Flow, in conduit or thru treatment plant",12/31/2023,Mon,MGD,Q1,MO AVG,ENF,0.6549,MGD,
NHG580013,001,1,A,50050,"Flow, in conduit or thru treatment plant",1/31/2024,Mon,MGD,Q1,MO AVG,ENF,0.751,MGD,
NHG580013,001,1,A,50050,"Flow, in conduit or thru treatment plant",7/31/2022,Mon,MGD,Q2,DAILY MX,ENF,0.395,MGD,
NHG580013,001,1,A,50050,"Flow, in conduit or thru treatment plant",8/31/2022,Mon,MGD,Q2,DAILY MX,ENF,0.414,MGD,
NHG580013,001,1,A,50050,"Flow, in conduit or thru treatment plant",9/30/2022,Mon,MGD,Q2,DAILY MX,ENF,0.458,MGD,
NHG580013,001,1,A,50050,"Flow, in conduit or thru treatment plant",6/30/2022,Mon,MGD,Q2,DAILY MX,ENF,0.478,MGD,
NHG580013,001,1,A,50050,"Flow, in conduit or thru treatment plant",5/31/2022,Mon,MGD,Q2,DAILY MX,ENF,0.514,MGD,
NHG580013,001,1,A,50050,"Flow, in conduit or thru treatment plant",10/31/2023,Mon,MGD,Q2,DAILY MX,ENF,0.519,MGD,
NHG580013,001,1,A,50050,"Flow, in conduit or thru treatment plant",11/30/2022,Mon,MGD,Q2,DAILY MX,ENF,0.528,MGD,
NHG580013,001,1,A,50050,"Flow, in conduit or thru treatment plant",6/30/2023,Mon,MGD,Q2,DAILY MX,ENF,0.544,MGD,
NHG580013,001,1,A,50050,"Flow, in conduit or thru treatment plant",2/28/2023,Mon,MGD,Q2,DAILY MX,ENF,0.627,MGD,
NHG580013,001,1,A,50050,"Flow, in conduit or thru treatment plant",11/30/2023,Mon,MGD,Q2,DAILY MX,ENF,0.635,MGD,
NHG580013,001,1,A,50050,"Flow, in conduit or thru treatment plant",10/31/2022,Mon,MGD,Q2,DAILY MX,ENF,0.643,MGD,
NHG580013,001,1,A,50050,"Flow, in conduit or thru treatment plant",2/29/2024,Mon,MGD,Q2,DAILY MX,ENF,0.646,MGD,
NHG580013,001,1,A,50050,"Flow, in conduit or thru treatment plant",8/31/2023,Mon,MGD,Q2,DAILY MX,ENF,0.693,MGD,
NHG580013,001,1,A,50050,"Flow, in conduit or thru treatment plant",4/30/2023,Mon,MGD,Q2,DAILY MX,ENF,0.835,MGD,
NHG580013,001,1,A,50050,"Flow, in conduit or thru treatment plant",7/31/2023,Mon,MGD,Q2,DAILY MX,ENF,0.886,MGD,
NHG580013,001,1,A,50050,"Flow, in conduit or thru treatment plant",4/30/2022,Mon,MGD,Q2,DAILY MX,ENF,1.012,MGD,
NHG580013,001,1,A,50050,"Flow, in conduit or thru treatment plant",3/31/2023,Mon,MGD,Q2,DAILY MX,ENF,1.017,MGD,
NHG580013,001,1,A,50050,"Flow, in conduit or thru treatment plant",9/30/2023,Mon,MGD,Q2,DAILY MX,ENF,1.135,MGD,
NHG580013,001,1,A,50050,"Flow, in conduit or thru treatment plant",12/31/2022,Mon,MGD,Q2,DAILY MX,ENF,1.18,MGD,
NHG580013,001,1,A,50050,"Flow, in conduit or thru treatment plant",5/31/2023,Mon,MGD,Q2,DAILY MX,ENF,1.246,MGD,
NHG580013,001,1,A,50050,"Flow, in conduit or thru treatment plant",1/31/2023,Mon,MGD,Q2,DAILY MX,ENF,1.286,MGD,
NHG580013,001,1,A,50050,"Flow, in conduit or thru treatment plant",12/31/2023,Mon,MGD,Q2,DAILY MX,ENF,1.431,MGD,
NHG580013,001,1,A,50050,"Flow, in conduit or thru treatment plant",1/31/2024,Mon,MGD,Q2,DAILY MX,ENF,1.71,MGD,
NHG580013,001,1,A,50060,"Chlorine, total residual",8/31/2022,0.22,mg/L,C1,MO AVG,ENF,0.01,mg/L,
NHG580013,001,1,A,50060,"Chlorine, total residual",12/31/2022,0.22,mg/L,C1,MO AVG,ENF,0.01,mg/L,
NHG580013,001,1,A,50060,"Chlorine, total residual",5/31/2023,0.22,mg/L,C1,MO AVG,ENF,0.02,mg/L,
NHG580013,001,1,A,50060,"Chlorine, total residual",6/30/2023,0.22,mg/L,C1,MO AVG,ENF,0.02,mg/L,
NHG580013,001,1,A,50060,"Chlorine, total residual",10/31/2023,0.22,mg/L,C1,MO AVG,ENF,0.02,mg/L,
NHG580013,001,1,A,50060,"Chlorine, total residual",2/29/2024,0.22,mg/L,C1,MO AVG,ENF,0.02,mg/L,
NHG580013,001,1,A,50060,"Chlorine, total residual",2/28/2023,0.22,mg/L,C1,MO AVG,ENF,0.03,mg/L,
NHG580013,001,1,A,50060,"Chlorine, total residual",4/30/2023,0.22,mg/L,C1,MO AVG,ENF,0.03,mg/L,
NHG580013,001,1,A,50060,"Chlorine, total residual",7/31/2023,0.22,mg/L,C1,MO AVG,ENF,0.03,mg/L,
NHG580013,001,1,A,50060,"Chlorine, total residual",8/31/2023,0.22,mg/L,C1,MO AVG,ENF,0.03,mg/L,
NHG580013,001,1,A,50060,"Chlorine, total residual",9/30/2023,0.22,mg/L,C1,MO AVG,ENF,0.03,mg/L,
NHG580013,001,1,A,50060,"Chlorine, total residual",4/30/2022,0.22,mg/L,C1,MO AVG,ENF,0,mg/L,
NHG580013,001,1,A,50060,"Chlorine, total residual",5/31/2022,0.22,mg/L,C1,MO AVG,ENF,0,mg/L,
NHG580013,001,1,A,50060,"Chlorine, total residual",6/30/2022,0.22,mg/L,C1,MO AVG,ENF,0,mg/L,
NHG580013,001,1,A,50060,"Chlorine, total residual",7/31/2022,0.22,mg/L,C1,MO AVG,ENF,0,mg/L,
NHG580013,001,1,A,50060,"Chlorine, total residual",9/30/2022,0.22,mg/L,C1,MO AVG,ENF,0,mg/L,
NHG580013,001,1,A,50060,"Chlorine, total residual",10/31/2022,0.22,mg/L,C1,MO AVG,ENF,0,mg/L,
NHG580013,001,1,A,50060,"Chlorine, total residual",11/30/2022,0.22,mg/L,C1,MO AVG,ENF,0,mg/L,
NHG580013,001,1,A,50060,"Chlorine, total residual",1/31/2023,0.22,mg/L,C1,MO AVG,ENF,0,mg/L,
NHG580013,001,1,A,50060,"Chlorine, total residual",3/31/2023,0.22,mg/L,C1,MO AVG,ENF,0,mg/L,
NHG580013,001,1,A,50060,"Chlorine, total residual",11/30/2023,0.22,mg/L,C1,MO AVG,ENF,0,mg/L,
NHG580013,001,1,A,50060,"Chlorine, total residual",12/31/2023,0.22,mg/L,C1,MO AVG,ENF,0,mg/L,
NHG580013,001,1,A,50060,"Chlorine, total residual",1/31/2024,0.22,mg/L,C1,MO AVG,ENF,0,mg/L,
NHG580013,001,1,A,50060,"Chlorine, total residual",9/30/2022,0.38,mg/L,C3,DAILY MX,ENF,0.03,mg/L,
NHG580013,001,1,A,50060,"Chlorine, total residual",3/31/2023,0.38,mg/L,C3,DAILY MX,ENF,0.03,mg/L,
NHG580013,001,1,A,50060,"Chlorine, total residual",4/30/2022,0.38,mg/L,C3,DAILY MX,ENF,0.04,mg/L,
NHG580013,001,1,A,50060,"Chlorine, total residual",5/31/2022,0.38,mg/L,C3,DAILY MX,ENF,0.05,mg/L,
NHG580013,001,1,A,50060,"Chlorine, total residual",1/31/2023,0.38,mg/L,C3,DAILY MX,ENF,0.06,mg/L,
NHG580013,001,1,A,50060,"Chlorine, total residual",12/31/2023,0.38,mg/L,C3,DAILY MX,ENF,0.06,mg/L,
NHG580013,001,1,A,50060,"Chlorine, total residual",1/31/2024,0.38,mg/L,C3,DAILY MX,ENF,0.06,mg/L,
NHG580013,001,1,A,50060,"Chlorine, total residual",11/30/2023,0.38,mg/L,C3,DAILY MX,ENF,0.07,mg/L,
NHG580013,001,1,A,50060,"Chlorine, total residual",8/31/2023,0.38,mg/L,C3,DAILY MX,ENF,0.08,mg/L,
NHG580013,001,1,A,50060,"Chlorine, total residual",10/31/2023,0.38,mg/L,C3,DAILY MX,ENF,0.08,mg/L,
NHG580013,001,1,A,50060,"Chlorine, total residual",2/29/2024,0.38,mg/L,C3,DAILY MX,ENF,0.09,mg/L,
NHG580013,001,1,A,50060,"Chlorine, total residual",7/31/2022,0.38,mg/L,C3,DAILY MX,ENF,0.11,mg/L,
NHG580013,001,1,A,50060,"Chlorine, total residual",9/30/2023,0.38,mg/L,C3,DAILY MX,ENF,0.11,mg/L,
NHG580013,001,1,A,50060,"Chlorine, total residual",11/30/2022,0.38,mg/L,C3,DAILY MX,ENF,0.15,mg/L,
NHG580013,001,1,A,50060,"Chlorine, total residual",6/30/2023,0.38,mg/L,C3,DAILY MX,ENF,0.16,mg/L,
NHG580013,001,1,A,50060,"Chlorine, total residual",6/30/2022,0.38,mg/L,C3,DAILY MX,ENF,0.18,mg/L,
NHG580013,001,1,A,50060,"Chlorine, total residual",2/28/2023,0.38,mg/L,C3,DAILY MX,ENF,0.27,mg/L,
NHG580013,001,1,A,50060,"Chlorine, total residual",4/30/2023,0.38,mg/L,C3,DAILY MX,ENF,0.3,mg/L,
NHG580013,001,1,A,50060,"Chlorine, total residual",8/31/2022,0.38,mg/L,C3,DAILY MX,ENF,0.31,mg/L,
NHG580013,001,1,A,50060,"Chlorine, total residual",5/31/2023,0.38,mg/L,C3,DAILY MX,ENF,0.31,mg/L,
NHG580013,001,1,A,50060,"Chlorine, total residual",7/31/2023,0.38,mg/L,C3,DAILY MX,ENF,0.32,mg/L,
NHG580013,001,1,A,50060,"Chlorine, total residual",12/31/2022,0.38,mg/L,C3,DAILY MX,ENF,0.36,mg/L,
NHG580013,001,1,A,50060,"Chlorine, total residual",10/31/2022,0.38,mg/L,C3,DAILY MX,ENF,0.37,mg/L,
NHG580013,001,1,A,51040,E. coli,11/30/2022,104,#/100mL,C3,DAILY MX,ENF,135.4,#/100mL,
NHG580013,001,1,A,51040,E. coli,7/31/2022,104,#/100mL,C3,DAILY MX,ENF,1600,#/100mL,
NHG580013,001,1,A,51040,E. coli,5/31/2022,104,#/100mL,C3,DAILY MX,ENF,18.5,#/100mL,
NHG580013,001,1,A,51040,E. coli,6/30/2022,104,#/100mL,C3,DAILY MX,ENF,18.7,#/100mL,
NHG580013,001,1,A,51040,E. coli,4/30/2022,104,#/100mL,C3,DAILY MX,ENF,24.3,#/100mL,
NHG580013,001,1,A,51040,E. coli,10/31/2022,104,#/100mL,C3,DAILY MX,ENF,29.9,#/100mL,
NHG580013,001,1,A,51040,E. coli,8/31/2022,104,#/100mL,C3,DAILY MX,ENF,58.2,#/100mL,
NHG580013,001,1,A,51040,E. coli,9/30/2022,104,#/100mL,C3,DAILY MX,ENF,62.8,#/100mL,
NHG580013,001,1,A,51040,E. coli,7/31/2022,35,#/100mL,C1,MO AVG,ENF,2,#/100mL,
NHG580013,001,1,A,51040,E. coli,4/30/2022,35,#/100mL,C1,MO AVG,ENF,3,#/100mL,
NHG580013,001,1,A,51040,E. coli,5/31/2022,35,#/100mL,C1,MO AVG,ENF,3,#/100mL,
NHG580013,001,1,A,51040,E. coli,6/30/2022,35,#/100mL,C1,MO AVG,ENF,3,#/100mL,
NHG580013,001,1,A,51040,E. coli,10/31/2022,35,#/100mL,C1,MO AVG,ENF,3,#/100mL,
NHG580013,001,1,A,51040,E. coli,8/31/2022,35,#/100mL,C1,MO AVG,ENF,5,#/100mL,
NHG580013,001,1,A,51040,E. coli,9/30/2022,35,#/100mL,C1,MO AVG,ENF,7,#/100mL,
NHG580013,001,1,A,51040,E. coli,11/30/2022,35,#/100mL,C1,MO AVG,ENF,8,#/100mL,
NHG580013,001,1,A,61211,Enterococci,5/31/2023,104,#/100mL,C3,DAILY MX,ENF,214.3,#/100mL,
NHG580013,001,1,A,61211,Enterococci,10/31/2023,104,#/100mL,C3,DAILY MX,ENF,224.7,#/100mL,
NHG580013,001,1,A,61211,Enterococci,6/30/2023,104,#/100mL,C3,DAILY MX,ENF,2419.6,#/100mL,
NHG580013,001,1,A,61211,Enterococci,9/30/2023,104,#/100mL,C3,DAILY MX,ENF,25.6,#/100mL,
NHG580013,001,1,A,61211,Enterococci,12/31/2023,104,#/100mL,C3,DAILY MX,ENF,29.5,#/100mL,
NHG580013,001,1,A,61211,Enterococci,2/28/2023,104,#/100mL,C3,DAILY MX,ENF,30.9,#/100mL,
NHG580013,001,1,A,61211,Enterococci,11/30/2023,104,#/100mL,C3,DAILY MX,ENF,44.1,#/100mL,
NHG580013,001,1,A,61211,Enterococci,7/31/2023,104,#/100mL,C3,DAILY MX,ENF,46.4,#/100mL,
NHG580013,001,1,A,61211,Enterococci,3/31/2023,104,#/100mL,C3,DAILY MX,ENF,51.2,#/100mL,
NHG580013,001,1,A,61211,Enterococci,2/29/2024,104,#/100mL,C3,DAILY MX,ENF,54.5,#/100mL,
NHG580013,001,1,A,61211,Enterococci,1/31/2023,104,#/100mL,C3,DAILY MX,ENF,55.6,#/100mL,
NHG580013,001,1,A,61211,Enterococci,12/31/2022,104,#/100mL,C3,DAILY MX,ENF,60.5,#/100mL,
NHG580013,001,1,A,61211,Enterococci,1/31/2024,104,#/100mL,C3,DAILY MX,ENF,65,#/100mL,
NHG580013,001,1,A,61211,Enterococci,4/30/2023,104,#/100mL,C3,DAILY MX,ENF,85.6,#/100mL,
NHG580013,001,1,A,61211,Enterococci,8/31/2023,104,#/100mL,C3,DAILY MX,ENF,886.4,#/100mL,
NHG580013,001,1,A,61211,Enterococci,4/30/2023,35,#/100mL,C1,MO GEO,ENF,10,#/100mL,
NHG580013,001,1,A,61211,Enterococci,1/31/2024,35,#/100mL,C1,MO GEO,ENF,11,#/100mL,
NHG580013,001,1,A,61211,Enterococci,5/31/2023,35,#/100mL,C1,MO GEO,ENF,12,#/100mL,
NHG580013,001,1,A,61211,Enterococci,12/31/2022,35,#/100mL,C1,MO GEO,ENF,13,#/100mL,
NHG580013,001,1,A,61211,Enterococci,1/31/2023,35,#/100mL,C1,MO GEO,ENF,15,#/100mL,
NHG580013,001,1,A,61211,Enterococci,3/31/2023,35,#/100mL,C1,MO GEO,ENF,16,#/100mL,
NHG580013,001,1,A,61211,Enterococci,6/30/2023,35,#/100mL,C1,MO GEO,ENF,16,#/100mL,
NHG580013,001,1,A,61211,Enterococci,2/29/2024,35,#/100mL,C1,MO GEO,ENF,16,#/100mL,
NHG580013,001,1,A,61211,Enterococci,11/30/2023,35,#/100mL,C1,MO GEO,ENF,2,#/100mL,
NHG580013,001,1,A,61211,Enterococci,12/31/2023,35,#/100mL,C1,MO GEO,ENF,2,#/100mL,
NHG580013,001,1,A,61211,Enterococci,8/31/2023,35,#/100mL,C1,MO GEO,ENF,3,#/100mL,
NHG580013,001,1,A,61211,Enterococci,7/31/2023,35,#/100mL,C1,MO GEO,ENF,4,#/100mL,
NHG580013,001,1,A,61211,Enterococci,9/30/2023,35,#/100mL,C1,MO GEO,ENF,5,#/100mL,
NHG580013,001,1,A,61211,Enterococci,2/28/2023,35,#/100mL,C1,MO GEO,ENF,6,#/100mL,
NHG580013,001,1,A,61211,Enterococci,10/31/2023,35,#/100mL,C1,MO GEO,ENF,8,#/100mL,
NHG580013,001,1,A,74055,"Coliform, fecal general",7/31/2022,14,#/100mL,C1,MO AVG,ENF,12,#/100mL,
NHG580013,001,1,A,74055,"Coliform, fecal general",12/31/2022,14,#/100mL,C1,MO AVG,ENF,2,#/100mL,
NHG580013,001,1,A,74055,"Coliform, fecal general",1/31/2023,14,#/100mL,C1,MO AVG,ENF,2,#/100mL,
NHG580013,001,1,A,74055,"Coliform, fecal general",2/28/2023,14,#/100mL,C1,MO AVG,ENF,2,#/100mL,
NHG580013,001,1,A,74055,"Coliform, fecal general",3/31/2023,14,#/100mL,C1,MO AVG,ENF,2,#/100mL,
NHG580013,001,1,A,74055,"Coliform, fecal general",4/30/2023,14,#/100mL,C1,MO AVG,ENF,2,#/100mL,
NHG580013,001,1,A,74055,"Coliform, fecal general",6/30/2022,14,#/100mL,C1,MO AVG,ENF,3,#/100mL,
NHG580013,001,1,A,74055,"Coliform, fecal general",9/30/2022,14,#/100mL,C1,MO AVG,ENF,3,#/100mL,
NHG580013,001,1,A,74055,"Coliform, fecal general",11/30/2022,14,#/100mL,C1,MO AVG,ENF,3,#/100mL,
NHG580013,001,1,A,74055,"Coliform, fecal general",5/31/2022,14,#/100mL,C1,MO AVG,ENF,4,#/100mL,
NHG580013,001,1,A,74055,"Coliform, fecal general",10/31/2022,14,#/100mL,C1,MO AVG,ENF,4,#/100mL,
NHG580013,001,1,A,74055,"Coliform, fecal general",5/31/2023,14,#/100mL,C1,MO AVG,ENF,4,#/100mL,
NHG580013,001,1,A,74055,"Coliform, fecal general",8/31/2022,14,#/100mL,C1,MO AVG,ENF,6,#/100mL,
NHG580013,001,1,A,74055,"Coliform, fecal general",4/30/2022,14,#/100mL,C1,MO AVG,ENF,8,#/100mL,
NHG580013,001,1,A,74055,"Coliform, fecal general",10/31/2023,14,#/100mL,C1,MO GEO,ENF,2,#/100mL,
NHG580013,001,1,A,74055,"Coliform, fecal general",11/30/2023,14,#/100mL,C1,MO GEO,ENF,2,#/100mL,
NHG580013,001,1,A,74055,"Coliform, fecal general",12/31/2023,14,#/100mL,C1,MO GEO,ENF,2,#/100mL,
NHG580013,001,1,A,74055,"Coliform, fecal general",2/29/2024,14,#/100mL,C1,MO GEO,ENF,2,#/100mL,
NHG580013,001,1,A,74055,"Coliform, fecal general",6/30/2023,14,#/100mL,C1,MO GEO,ENF,3,#/100mL,
NHG580013,001,1,A,74055,"Coliform, fecal general",7/31/2023,14,#/100mL,C1,MO GEO,ENF,3,#/100mL,
NHG580013,001,1,A,74055,"Coliform, fecal general",8/31/2023,14,#/100mL,C1,MO GEO,ENF,3,#/100mL,
NHG580013,001,1,A,74055,"Coliform, fecal general",9/30/2023,14,#/100mL,C1,MO GEO,ENF,3,#/100mL,
NHG580013,001,1,A,74055,"Coliform, fecal general",1/31/2024,14,#/100mL,C1,MO GEO,ENF,3,#/100mL,
NHG580013,001,1,T,00610,"Nitrogen, ammonia total (as N)",6/30/2022,Mon,mg/L,C3,DAILY MX,ENF,0.076,mg/L,
NHG580013,001,1,T,00610,"Nitrogen, ammonia total (as N)",9/30/2022,Mon,mg/L,C3,DAILY MX,ENF,0.1,mg/L,
NHG580013,001,1,T,00610,"Nitrogen, ammonia total (as N)",9/30/2023,Mon,mg/L,C3,DAILY MX,ENF,0.14,mg/L,
NHG580013,001,1,T,00610,"Nitrogen, ammonia total (as N)",6/30/2023,Mon,mg/L,C3,DAILY MX,ENF,0.2,mg/L,
NHG580013,001,1,T,00610,"Nitrogen, ammonia total (as N)",12/31/2023,Mon,mg/L,C3,DAILY MX,ENF,0.51,mg/L,
NHG580013,001,1,T,00610,"Nitrogen, ammonia total (as N)",3/31/2023,Mon,mg/L,C3,DAILY MX,ENF,0.66,mg/L,
NHG580013,001,1,T,00610,"Nitrogen, ammonia total (as N)",12/31/2022,Mon,mg/L,C3,DAILY MX,ENF,0,mg/L,
NHG580013,001,1,T,00900,"Hardness, total (as CaCO3)",6/30/2022,Mon,mg/L,C3,DAILY MX,ENF,100,mg/L,
NHG580013,001,1,T,00900,"Hardness, total (as CaCO3)",3/31/2023,Mon,mg/L,C3,DAILY MX,ENF,100,mg/L,
NHG580013,001,1,T,00900,"Hardness, total (as CaCO3)",6/30/2023,Mon,mg/L,C3,DAILY MX,ENF,100,mg/L,
NHG580013,001,1,T,00900,"Hardness, total (as CaCO3)",12/31/2023,Mon,mg/L,C3,DAILY MX,ENF,100,mg/L,
NHG580013,001,1,T,00900,"Hardness, total (as CaCO3)",9/30/2023,Mon,mg/L,C3,DAILY MX,ENF,110,mg/L,
NHG580013,001,1,T,00900,"Hardness, total (as CaCO3)",9/30/2022,Mon,mg/L,C3,DAILY MX,ENF,82,mg/L,
NHG580013,001,1,T,00900,"Hardness, total (as CaCO3)",12/31/2022,Mon,mg/L,C3,DAILY MX,ENF,98,mg/L,
NHG580013,001,1,T,01027,"Cadmium, total (as Cd)",6/30/2022,Mon,mg/L,C3,DAILY MX,ENF,0,mg/L,
NHG580013,001,1,T,01027,"Cadmium, total (as Cd)",9/30/2022,Mon,mg/L,C3,DAILY MX,ENF,0,mg/L,
NHG580013,001,1,T,01027,"Cadmium, total (as Cd)",12/31/2022,Mon,mg/L,C3,DAILY MX,ENF,0,mg/L,
NHG580013,001,1,T,01027,"Cadmium, total (as Cd)",3/31/2023,Mon,mg/L,C3,DAILY MX,ENF,0,mg/L,
NHG580013,001,1,T,01027,"Cadmium, total (as Cd)",6/30/2023,Mon,mg/L,C3,DAILY MX,ENF,0,mg/L,
NHG580013,001,1,T,01027,"Cadmium, total (as Cd)",9/30/2023,Mon,mg/L,C3,DAILY MX,ENF,0,mg/L,
NHG580013,001,1,T,01027,"Cadmium, total (as Cd)",12/31/2023,Mon,mg/L,C3,DAILY MX,ENF,0,mg/L,
NHG580013,001,1,T,01042,"Copper, total (as Cu)",9/30/2023,Mon,mg/L,C3,DAILY MX,ENF,0.0038,mg/L,
NHG580013,001,1,T,01042,"Copper, total (as Cu)",12/31/2022,Mon,mg/L,C3,DAILY MX,ENF,0.0048,mg/L,
NHG580013,001,1,T,01042,"Copper, total (as Cu)",6/30/2023,Mon,mg/L,C3,DAILY MX,ENF,0.0048,mg/L,
NHG580013,001,1,T,01042,"Copper, total (as Cu)",12/31/2023,Mon,mg/L,C3,DAILY MX,ENF,0.0051,mg/L,
NHG580013,001,1,T,01042,"Copper, total (as Cu)",6/30/2022,Mon,mg/L,C3,DAILY MX,ENF,3.5,mg/L,
NHG580013,001,1,T,01042,"Copper, total (as Cu)",9/30/2022,Mon,mg/L,C3,DAILY MX,ENF,3.7,mg/L,
NHG580013,001,1,T,01042,"Copper, total (as Cu)",3/31/2023,Mon,mg/L,C3,DAILY MX,ENF,4.8,mg/L,
NHG580013,001,1,T,01051,"Lead, total (as Pb)",6/30/2022,Mon,mg/L,C3,DAILY MX,ENF,0.00052,mg/L,
NHG580013,001,1,T,01051,"Lead, total (as Pb)",9/30/2022,Mon,mg/L,C3,DAILY MX,ENF,0,mg/L,
NHG580013,001,1,T,01051,"Lead, total (as Pb)",12/31/2022,Mon,mg/L,C3,DAILY MX,ENF,0,mg/L,
NHG580013,001,1,T,01051,"Lead, total (as Pb)",3/31/2023,Mon,mg/L,C3,DAILY MX,ENF,0,mg/L,
NHG580013,001,1,T,01051,"Lead, total (as Pb)",6/30/2023,Mon,mg/L,C3,DAILY MX,ENF,0,mg/L,
NHG580013,001,1,T,01051,"Lead, total (as Pb)",9/30/2023,Mon,mg/L,C3,DAILY MX,ENF,0,mg/L,
NHG580013,001,1,T,01051,"Lead, total (as Pb)",12/31/2023,Mon,mg/L,C3,DAILY MX,ENF,0,mg/L,
NHG580013,001,1,T,01067,"Nickel, total (as Ni)",9/30/2023,Mon,mg/L,C3,DAILY MX,ENF,0.0019,mg/L,
NHG580013,001,1,T,01067,"Nickel, total (as Ni)",3/31/2023,Mon,mg/L,C3,DAILY MX,ENF,0.0021,mg/L,
NHG580013,001,1,T,01067,"Nickel, total (as Ni)",6/30/2023,Mon,mg/L,C3,DAILY MX,ENF,0.0023,mg/L,
NHG580013,001,1,T,01067,"Nickel, total (as Ni)",9/30/2022,Mon,mg/L,C3,DAILY MX,ENF,0.0024,mg/L,
NHG580013,001,1,T,01067,"Nickel, total (as Ni)",12/31/2022,Mon,mg/L,C3,DAILY MX,ENF,0.0024,mg/L,
NHG580013,001,1,T,01067,"Nickel, total (as Ni)",6/30/2022,Mon,mg/L,C3,DAILY MX,ENF,0.0027,mg/L,
NHG580013,001,1,T,01067,"Nickel, total (as Ni)",12/31/2023,Mon,mg/L,C3,DAILY MX,ENF,0.0029,mg/L,
NHG580013,001,1,T,01092,"Zinc, total (as Zn)",6/30/2023,Mon,mg/L,C3,DAILY MX,ENF,0.032,mg/L,
NHG580013,001,1,T,01092,"Zinc, total (as Zn)",9/30/2023,Mon,mg/L,C3,DAILY MX,ENF,0.035,mg/L,
NHG580013,001,1,T,01092,"Zinc, total (as Zn)",9/30/2022,Mon,mg/L,C3,DAILY MX,ENF,0.059,mg/L,
NHG580013,001,1,T,01092,"Zinc, total (as Zn)",12/31/2023,Mon,mg/L,C3,DAILY MX,ENF,0.06,mg/L,
NHG580013,001,1,T,01092,"Zinc, total (as Zn)",3/31/2023,Mon,mg/L,C3,DAILY MX,ENF,0.066,mg/L,
NHG580013,001,1,T,01092,"Zinc, total (as Zn)",12/31/2022,Mon,mg/L,C3,DAILY MX,ENF,0.081,mg/L,
NHG580013,001,1,T,01092,"Zinc, total (as Zn)",6/30/2022,Mon,mg/L,C3,DAILY MX,ENF,0.089,mg/L,
